t_days,r_cm,Nn_cells_per_cm3,Nt_cells_per_cm3,Ch_mols_per_liter
0.00000,0.00000,5.00023e+07,9.99955e+04,9.93307e-10
0.00000,0.00500,5.00037e+07,9.99926e+04,9.89013e-10
0.00000,0.01000,5.00062e+07,9.99878e+04,9.82014e-10
0.00000,0.01500,5.00102e+07,9.99799e+04,9.70688e-10
0.00000,0.02000,5.00168e+07,9.99668e+04,9.52574e-10
0.00000,0.02500,5.00276e+07,9.99453e+04,9.24142e-10
0.00000,0.03000,5.00456e+07,9.99098e+04,8.80797e-10
0.00000,0.03500,5.00751e+07,9.98514e+04,8.17574e-10
0.00000,0.04000,5.01236e+07,9.97552e+04,7.31059e-10
0.00000,0.04500,5.02035e+07,9.95971e+04,6.22459e-10
0.00000,0.05000,5.03346e+07,9.93374e+04,5.00000e-10
0.00000,0.05500,5.05493e+07,9.89123e+04,3.77541e-10
0.00000,0.06000,5.08993e+07,9.82194e+04,2.68941e-10
0.00000,0.06500,5.14656e+07,9.70981e+04,1.82426e-10
0.00000,0.07000,5.23713e+07,9.53048e+04,1.19203e-10
0.00000,0.07500,5.37929e+07,9.24900e+04,7.58582e-11
0.00000,0.08000,5.59601e+07,8.81989e+04,4.74259e-11
0.00000,0.08500,5.91213e+07,8.19399e+04,2.93122e-11
0.00000,0.09000,6.34471e+07,7.33748e+04,1.79862e-11
0.00000,0.09500,6.88770e+07,6.26235e+04,1.09869e-11
0.00000,0.10000,7.50000e+07,5.05000e+04,6.69285e-12
0.00000,0.10500,8.11230e+07,3.83765e+04,4.07014e-12
0.00000,0.11000,8.65529e+07,2.76252e+04,2.47262e-12
0.00000,0.11500,9.08787e+07,1.90601e+04,1.50118e-12
0.00000,0.12000,9.40399e+07,1.28011e+04,9.11051e-13
0.00000,0.12500,9.62071e+07,8.50996e+03,5.52779e-13
0.00000,0.13000,9.76287e+07,5.69516e+03,3.35350e-13
0.00000,0.13500,9.85344e+07,3.90191e+03,2.03427e-13
0.00000,0.14000,9.91007e+07,2.78063e+03,1.23395e-13
0.00000,0.14500,9.94507e+07,2.08771e+03,7.48462e-14
0.00000,0.15000,9.96654e+07,1.66259e+03,4.53979e-14
0.00000,0.15500,9.97965e+07,1.40294e+03,2.75357e-14
0.00000,0.16000,9.98764e+07,1.24479e+03,1.67014e-14
0.00000,0.16500,9.99249e+07,1.14862e+03,1.01300e-14
0.00000,0.17000,9.99544e+07,1.09019e+03,6.14417e-15
0.00000,0.17500,9.99724e+07,1.05473e+03,3.72664e-15
0.00000,0.18000,9.99832e+07,1.03320e+03,2.26032e-15
0.00000,0.18500,9.99898e+07,1.02014e+03,1.37096e-15
0.00000,0.19000,9.99938e+07,1.01222e+03,8.31528e-16
0.00000,0.19500,9.99963e+07,1.00741e+03,5.04347e-16
0.00000,0.20000,9.99977e+07,1.00449e+03,3.05902e-16
0.00000,0.20500,9.99986e+07,1.00273e+03,1.85539e-16
0.00000,0.21000,9.99992e+07,1.00165e+03,1.12535e-16
0.00000,0.21500,9.99995e+07,1.00100e+03,6.82560e-17
0.00000,0.22000,9.99997e+07,1.00061e+03,4.13994e-17
0.00000,0.22500,9.99998e+07,1.00037e+03,2.51100e-17
0.00000,0.23000,9.99999e+07,1.00022e+03,1.52300e-17
0.00000,0.23500,9.99999e+07,1.00014e+03,9.23745e-18
0.00000,0.24000,1.00000e+08,1.00008e+03,5.60280e-18
0.00000,0.24500,1.00000e+08,1.00005e+03,3.39827e-18
0.00000,0.25000,1.00000e+08,1.00003e+03,2.06115e-18
0.00000,0.25500,1.00000e+08,1.00002e+03,1.25015e-18
0.00000,0.26000,1.00000e+08,1.00001e+03,7.58256e-19
0.00000,0.26500,1.00000e+08,1.00001e+03,4.59906e-19
0.00000,0.27000,1.00000e+08,1.00000e+03,2.78947e-19
0.00000,0.27500,1.00000e+08,1.00000e+03,1.69190e-19
0.00000,0.28000,1.00000e+08,1.00000e+03,1.02619e-19
0.00000,0.28500,1.00000e+08,1.00000e+03,6.22415e-20
0.00000,0.29000,1.00000e+08,1.00000e+03,3.77514e-20
0.00000,0.29500,1.00000e+08,1.00000e+03,2.28974e-20
0.00000,0.30000,1.00000e+08,1.00000e+03,1.38879e-20
0.00000,0.30500,1.00000e+08,1.00000e+03,8.42348e-21
0.00000,0.31000,1.00000e+08,1.00000e+03,5.10908e-21
0.00000,0.31500,1.00000e+08,1.00000e+03,3.09880e-21
0.00000,0.32000,1.00000e+08,1.00000e+03,1.87955e-21
0.00000,0.32500,1.00000e+08,1.00000e+03,1.13998e-21
0.00000,0.33000,1.00000e+08,1.00000e+03,6.91447e-22
0.00000,0.33500,1.00000e+08,1.00000e+03,4.19387e-22
0.00000,0.34000,1.00000e+08,1.00000e+03,2.54352e-22
0.00000,0.34500,1.00000e+08,1.00000e+03,1.54265e-22
0.00000,0.35000,1.00000e+08,1.00000e+03,9.35918e-23
0.00000,0.35500,1.00000e+08,1.00000e+03,5.67879e-23
0.00000,0.36000,1.00000e+08,1.00000e+03,3.44169e-23
0.00000,0.36500,1.00000e+08,1.00000e+03,2.08722e-23
0.00000,0.37000,1.00000e+08,1.00000e+03,1.26565e-23
0.00000,0.37500,1.00000e+08,1.00000e+03,7.66053e-24
0.00000,0.38000,1.00000e+08,1.00000e+03,4.66294e-24
0.00000,0.38500,1.00000e+08,1.00000e+03,2.83106e-24
0.00000,0.39000,1.00000e+08,1.00000e+03,1.72084e-24
0.00000,0.39500,1.00000e+08,1.00000e+03,1.05471e-24
0.00000,0.40000,1.00000e+08,1.00000e+03,6.10629e-25
0.00000,0.40500,1.00000e+08,1.00000e+03,3.88574e-25
0.00000,0.41000,1.00000e+08,1.00000e+03,2.22042e-25
0.00000,0.41500,1.00000e+08,1.00000e+03,1.11021e-25
0.00000,0.42000,1.00000e+08,1.00000e+03,5.55106e-26
0.00000,0.42500,1.00000e+08,1.00000e+03,5.55106e-26
0.00000,0.43000,1.00000e+08,1.00000e+03,0.00000e+00
0.00000,0.43500,1.00000e+08,1.00000e+03,0.00000e+00
0.00000,0.44000,1.00000e+08,1.00000e+03,0.00000e+00
0.00000,0.44500,1.00000e+08,1.00000e+03,0.00000e+00
0.00000,0.45000,1.00000e+08,1.00000e+03,0.00000e+00
0.00000,0.45500,1.00000e+08,1.00000e+03,0.00000e+00
0.00000,0.46000,1.00000e+08,1.00000e+03,0.00000e+00
0.00000,0.46500,1.00000e+08,1.00000e+03,0.00000e+00
0.00000,0.47000,1.00000e+08,1.00000e+03,0.00000e+00
0.00000,0.47500,1.00000e+08,1.00000e+03,0.00000e+00
0.00000,0.48000,1.00000e+08,1.00000e+03,0.00000e+00
0.00000,0.48500,1.00000e+08,1.00000e+03,0.00000e+00
0.00000,0.49000,1.00000e+08,1.00000e+03,0.00000e+00
0.00000,0.49500,1.00000e+08,1.00000e+03,0.00000e+00
0.00000,0.50000,1.00000e+08,1.00000e+03,0.00000e+00
11.57407,0.00000,4.98901e+07,2.70925e+05,5.16651e-09
11.57407,0.00500,4.98907e+07,2.70917e+05,5.16245e-09
11.57407,0.01000,4.98919e+07,2.70904e+05,5.14855e-09
11.57407,0.01500,4.98938e+07,2.70883e+05,5.12653e-09
11.57407,0.02000,4.98969e+07,2.70847e+05,5.09465e-09
11.57407,0.02500,4.99018e+07,2.70789e+05,5.05464e-09
11.57407,0.03000,4.99095e+07,2.70694e+05,5.00475e-09
11.57407,0.03500,4.99215e+07,2.70536e+05,4.94672e-09
11.57407,0.04000,4.99408e+07,2.70278e+05,4.87879e-09
11.57407,0.04500,4.99717e+07,2.69855e+05,4.80270e-09
11.57407,0.05000,5.00214e+07,2.69164e+05,4.71673e-09
11.57407,0.05500,5.01015e+07,2.68043e+05,4.62261e-09
11.57407,0.06000,5.02300e+07,2.66239e+05,4.51872e-09
11.57407,0.06500,5.04345e+07,2.63378e+05,4.40684e-09
11.57407,0.07000,5.07544e+07,2.58931e+05,4.28549e-09
11.57407,0.07500,5.12413e+07,2.52195e+05,4.15669e-09
11.57407,0.08000,5.19511e+07,2.42313e+05,4.01930e-09
11.57407,0.08500,5.29230e+07,2.28299e+05,3.87578e-09
11.57407,0.09000,5.41446e+07,2.09097e+05,3.72563e-09
11.57407,0.09500,5.55247e+07,1.83812e+05,3.57209e-09
11.57407,0.10000,5.69078e+07,1.52568e+05,3.41568e-09
11.57407,0.10500,5.81370e+07,1.17880e+05,3.26069e-09
11.57407,0.11000,5.91182e+07,8.46142e+04,3.10845e-09
11.57407,0.11500,5.98368e+07,5.72648e+04,2.96315e-09
11.57407,0.12000,6.03308e+07,3.74670e+04,2.82496e-09
11.57407,0.12500,6.06559e+07,2.43051e+04,2.69628e-09
11.57407,0.13000,6.08640e+07,1.59618e+04,2.57572e-09
11.57407,0.13500,6.09951e+07,1.07957e+04,2.46456e-09
11.57407,0.14000,6.10769e+07,7.63138e+03,2.36080e-09
11.57407,0.14500,6.11278e+07,5.70278e+03,2.26537e-09
11.57407,0.15000,6.11596e+07,4.53008e+03,2.17619e-09
11.57407,0.15500,6.11797e+07,3.81784e+03,2.09415e-09
11.57407,0.16000,6.11925e+07,3.38550e+03,2.01722e-09
11.57407,0.16500,6.12008e+07,3.12317e+03,1.94638e-09
11.57407,0.17000,6.12065e+07,2.96401e+03,1.87970e-09
11.57407,0.17500,6.12104e+07,2.86746e+03,1.81820e-09
11.57407,0.18000,6.12132e+07,2.80890e+03,1.76009e-09
11.57407,0.18500,6.12154e+07,2.77337e+03,1.70645e-09
11.57407,0.19000,6.12171e+07,2.75183e+03,1.65556e-09
11.57407,0.19500,6.12185e+07,2.73876e+03,1.60854e-09
11.57407,0.20000,6.12198e+07,2.73083e+03,1.56376e-09
11.57407,0.20500,6.12208e+07,2.72602e+03,1.52238e-09
11.57407,0.21000,6.12218e+07,2.72311e+03,1.48283e-09
11.57407,0.21500,6.12227e+07,2.72134e+03,1.44628e-09
11.57407,0.22000,6.12236e+07,2.72027e+03,1.41122e-09
11.57407,0.22500,6.12243e+07,2.71961e+03,1.37882e-09
11.57407,0.23000,6.12251e+07,2.71922e+03,1.34765e-09
11.57407,0.23500,6.12257e+07,2.71898e+03,1.31886e-09
11.57407,0.24000,6.12264e+07,2.71884e+03,1.29106e-09
11.57407,0.24500,6.12270e+07,2.71875e+03,1.26541e-09
11.57407,0.25000,6.12275e+07,2.71869e+03,1.24057e-09
11.57407,0.25500,6.12281e+07,2.71866e+03,1.21768e-09
11.57407,0.26000,6.12286e+07,2.71864e+03,1.19544e-09
11.57407,0.26500,6.12290e+07,2.71863e+03,1.17497e-09
11.57407,0.27000,6.12295e+07,2.71862e+03,1.15502e-09
11.57407,0.27500,6.12299e+07,2.71862e+03,1.13669e-09
11.57407,0.28000,6.12303e+07,2.71862e+03,1.11877e-09
11.57407,0.28500,6.12307e+07,2.71861e+03,1.10235e-09
11.57407,0.29000,6.12311e+07,2.71861e+03,1.08625e-09
11.57407,0.29500,6.12314e+07,2.71861e+03,1.07152e-09
11.57407,0.30000,6.12317e+07,2.71861e+03,1.05703e-09
11.57407,0.30500,6.12320e+07,2.71861e+03,1.04383e-09
11.57407,0.31000,6.12323e+07,2.71861e+03,1.03079e-09
11.57407,0.31500,6.12326e+07,2.71861e+03,1.01895e-09
11.57407,0.32000,6.12329e+07,2.71861e+03,1.00722e-09
11.57407,0.32500,6.12331e+07,2.71861e+03,9.96610e-10
11.57407,0.33000,6.12333e+07,2.71861e+03,9.86059e-10
11.57407,0.33500,6.12336e+07,2.71861e+03,9.76560e-10
11.57407,0.34000,6.12338e+07,2.71861e+03,9.67080e-10
11.57407,0.34500,6.12340e+07,2.71861e+03,9.58589e-10
11.57407,0.35000,6.12342e+07,2.71861e+03,9.50082e-10
11.57407,0.35500,6.12343e+07,2.71861e+03,9.42508e-10
11.57407,0.36000,6.12345e+07,2.71861e+03,9.34889e-10
11.57407,0.36500,6.12347e+07,2.71861e+03,9.28154e-10
11.57407,0.37000,6.12348e+07,2.71861e+03,9.21347e-10
11.57407,0.37500,6.12349e+07,2.71861e+03,9.15379e-10
11.57407,0.38000,6.12351e+07,2.71861e+03,9.09318e-10
11.57407,0.38500,6.12352e+07,2.71861e+03,9.04055e-10
11.57407,0.39000,6.12353e+07,2.71861e+03,8.98681e-10
11.57407,0.39500,6.12354e+07,2.71861e+03,8.94068e-10
11.57407,0.40000,6.12355e+07,2.71861e+03,8.89329e-10
11.57407,0.40500,6.12356e+07,2.71861e+03,8.85316e-10
11.57407,0.41000,6.12357e+07,2.71861e+03,8.81166e-10
11.57407,0.41500,6.12358e+07,2.71861e+03,8.77711e-10
11.57407,0.42000,6.12359e+07,2.71861e+03,8.74107e-10
11.57407,0.42500,6.12359e+07,2.71861e+03,8.71171e-10
11.57407,0.43000,6.12360e+07,2.71861e+03,8.68078e-10
11.57407,0.43500,6.12361e+07,2.71861e+03,8.65626e-10
11.57407,0.44000,6.12361e+07,2.71861e+03,8.63011e-10
11.57407,0.44500,6.12362e+07,2.71861e+03,8.61013e-10
11.57407,0.45000,6.12362e+07,2.71861e+03,8.58847e-10
11.57407,0.45500,6.12363e+07,2.71861e+03,8.57276e-10
11.57407,0.46000,6.12363e+07,2.71861e+03,8.55533e-10
11.57407,0.46500,6.12363e+07,2.71861e+03,8.54365e-10
11.57407,0.47000,6.12364e+07,2.71861e+03,8.53022e-10
11.57407,0.47500,6.12364e+07,2.71861e+03,8.52235e-10
11.57407,0.48000,6.12364e+07,2.71861e+03,8.51272e-10
11.57407,0.48500,6.12364e+07,2.71861e+03,8.50849e-10
11.57407,0.49000,6.12364e+07,2.71861e+03,8.50248e-10
11.57407,0.49500,6.12364e+07,2.71861e+03,8.50171e-10
11.57407,0.50000,6.12364e+07,2.71861e+03,8.49916e-10
23.14815,0.00000,4.96571e+07,7.29975e+05,1.40070e-08
23.14815,0.00500,4.96576e+07,7.29954e+05,1.39960e-08
23.14815,0.01000,4.96588e+07,7.29920e+05,1.39587e-08
23.14815,0.01500,4.96608e+07,7.29862e+05,1.38993e-08
23.14815,0.02000,4.96638e+07,7.29767e+05,1.38136e-08
23.14815,0.02500,4.96679e+07,7.29610e+05,1.37058e-08
23.14815,0.03000,4.96737e+07,7.29352e+05,1.35716e-08
23.14815,0.03500,4.96815e+07,7.28928e+05,1.34152e-08
23.14815,0.04000,4.96925e+07,7.28235e+05,1.32324e-08
23.14815,0.04500,4.97082e+07,7.27103e+05,1.30275e-08
23.14815,0.05000,4.97315e+07,7.25264e+05,1.27961e-08
23.14815,0.05500,4.97662e+07,7.22294e+05,1.25427e-08
23.14815,0.06000,4.98192e+07,7.17545e+05,1.22631e-08
23.14815,0.06500,4.98999e+07,7.10072e+05,1.19617e-08
23.14815,0.07000,5.00224e+07,6.98548e+05,1.16351e-08
23.14815,0.07500,5.02037e+07,6.81254e+05,1.12881e-08
23.14815,0.08000,5.04611e+07,6.56124e+05,1.09181e-08
23.14815,0.08500,5.08035e+07,6.20676e+05,1.05311e-08
23.14815,0.09000,5.12200e+07,5.71908e+05,1.01259e-08
23.14815,0.09500,5.16738e+07,5.06594e+05,9.71064e-09
23.14815,0.10000,5.21121e+07,4.23613e+05,9.28682e-09
23.14815,0.10500,5.24883e+07,3.28769e+05,8.86552e-09
23.14815,0.11000,5.27805e+07,2.35949e+05,8.45100e-09
23.14815,0.11500,5.29905e+07,1.59034e+05,8.05462e-09
23.14815,0.12000,5.31341e+07,1.03466e+05,7.67756e-09
23.14815,0.12500,5.32294e+07,6.67707e+04,7.32613e-09
23.14815,0.13000,5.32922e+07,4.36792e+04,6.99704e-09
23.14815,0.13500,5.33336e+07,2.94651e+04,6.69341e-09
23.14815,0.14000,5.33614e+07,2.07949e+04,6.41018e-09
23.14815,0.14500,5.33807e+07,1.55250e+04,6.14952e-09
23.14815,0.15000,5.33945e+07,1.23261e+04,5.90610e-09
23.14815,0.15500,5.34048e+07,1.03854e+04,5.68197e-09
23.14815,0.16000,5.34128e+07,9.20817e+03,5.47204e-09
23.14815,0.16500,5.34194e+07,8.49414e+03,5.27848e-09
23.14815,0.17000,5.34250e+07,8.06106e+03,5.09650e-09
23.14815,0.17500,5.34298e+07,7.79838e+03,4.92848e-09
23.14815,0.18000,5.34341e+07,7.63907e+03,4.76991e-09
23.14815,0.18500,5.34380e+07,7.54244e+03,4.62331e-09
23.14815,0.19000,5.34416e+07,7.48383e+03,4.48445e-09
23.14815,0.19500,5.34449e+07,7.44829e+03,4.35594e-09
23.14815,0.20000,5.34480e+07,7.42673e+03,4.23379e-09
23.14815,0.20500,5.34508e+07,7.41365e+03,4.12067e-09
23.14815,0.21000,5.34535e+07,7.40572e+03,4.01278e-09
23.14815,0.21500,5.34560e+07,7.40091e+03,3.91284e-09
23.14815,0.22000,5.34584e+07,7.39799e+03,3.81721e-09
23.14815,0.22500,5.34606e+07,7.39622e+03,3.72863e-09
23.14815,0.23000,5.34627e+07,7.39515e+03,3.64361e-09
23.14815,0.23500,5.34647e+07,7.39450e+03,3.56487e-09
23.14815,0.24000,5.34665e+07,7.39410e+03,3.48907e-09
23.14815,0.24500,5.34683e+07,7.39386e+03,3.41892e-09
23.14815,0.25000,5.34700e+07,7.39372e+03,3.35119e-09
23.14815,0.25500,5.34715e+07,7.39363e+03,3.28856e-09
23.14815,0.26000,5.34730e+07,7.39358e+03,3.22792e-09
23.14815,0.26500,5.34744e+07,7.39354e+03,3.17191e-09
23.14815,0.27000,5.34758e+07,7.39352e+03,3.11752e-09
23.14815,0.27500,5.34770e+07,7.39351e+03,3.06737e-09
23.14815,0.28000,5.34783e+07,7.39350e+03,3.01854e-09
23.14815,0.28500,5.34794e+07,7.39350e+03,2.97359e-09
23.14815,0.29000,5.34805e+07,7.39350e+03,2.92970e-09
23.14815,0.29500,5.34815e+07,7.39350e+03,2.88938e-09
23.14815,0.30000,5.34825e+07,7.39349e+03,2.84991e-09
23.14815,0.30500,5.34834e+07,7.39349e+03,2.81375e-09
23.14815,0.31000,5.34842e+07,7.39349e+03,2.77824e-09
23.14815,0.31500,5.34850e+07,7.39349e+03,2.74580e-09
23.14815,0.32000,5.34858e+07,7.39349e+03,2.71386e-09
23.14815,0.32500,5.34866e+07,7.39349e+03,2.68477e-09
23.14815,0.33000,5.34873e+07,7.39349e+03,2.65606e-09
23.14815,0.33500,5.34879e+07,7.39349e+03,2.63001e-09
23.14815,0.34000,5.34886e+07,7.39349e+03,2.60422e-09
23.14815,0.34500,5.34891e+07,7.39349e+03,2.58093e-09
23.14815,0.35000,5.34897e+07,7.39349e+03,2.55779e-09
23.14815,0.35500,5.34902e+07,7.39349e+03,2.53700e-09
23.14815,0.36000,5.34908e+07,7.39349e+03,2.51629e-09
23.14815,0.36500,5.34912e+07,7.39349e+03,2.49780e-09
23.14815,0.37000,5.34917e+07,7.39349e+03,2.47931e-09
23.14815,0.37500,5.34921e+07,7.39349e+03,2.46290e-09
23.14815,0.38000,5.34925e+07,7.39349e+03,2.44645e-09
23.14815,0.38500,5.34929e+07,7.39349e+03,2.43197e-09
23.14815,0.39000,5.34932e+07,7.39349e+03,2.41739e-09
23.14815,0.39500,5.34935e+07,7.39349e+03,2.40469e-09
23.14815,0.40000,5.34939e+07,7.39349e+03,2.39185e-09
23.14815,0.40500,5.34941e+07,7.39349e+03,2.38079e-09
23.14815,0.41000,5.34944e+07,7.39349e+03,2.36955e-09
23.14815,0.41500,5.34947e+07,7.39349e+03,2.36001e-09
23.14815,0.42000,5.34949e+07,7.39349e+03,2.35027e-09
23.14815,0.42500,5.34951e+07,7.39349e+03,2.34215e-09
23.14815,0.43000,5.34953e+07,7.39349e+03,2.33380e-09
23.14815,0.43500,5.34955e+07,7.39349e+03,2.32700e-09
23.14815,0.44000,5.34957e+07,7.39349e+03,2.31996e-09
23.14815,0.44500,5.34958e+07,7.39349e+03,2.31440e-09
23.14815,0.45000,5.34959e+07,7.39349e+03,2.30859e-09
23.14815,0.45500,5.34960e+07,7.39349e+03,2.30420e-09
23.14815,0.46000,5.34962e+07,7.39349e+03,2.29953e-09
23.14815,0.46500,5.34962e+07,7.39349e+03,2.29624e-09
23.14815,0.47000,5.34963e+07,7.39349e+03,2.29267e-09
23.14815,0.47500,5.34964e+07,7.39349e+03,2.29043e-09
23.14815,0.48000,5.34965e+07,7.39349e+03,2.28790e-09
23.14815,0.48500,5.34965e+07,7.39349e+03,2.28664e-09
23.14815,0.49000,5.34965e+07,7.39349e+03,2.28510e-09
23.14815,0.49500,5.34965e+07,7.39349e+03,2.28479e-09
23.14815,0.50000,5.34965e+07,7.39349e+03,2.28419e-09
34.72222,0.00000,4.90637e+07,1.93675e+06,3.74546e-08
34.72222,0.00500,4.90645e+07,1.93670e+06,3.74256e-08
34.72222,0.01000,4.90670e+07,1.93661e+06,3.73265e-08
34.72222,0.01500,4.90712e+07,1.93646e+06,3.71692e-08
34.72222,0.02000,4.90772e+07,1.93620e+06,3.69418e-08
34.72222,0.02500,4.90848e+07,1.93578e+06,3.66562e-08
34.72222,0.03000,4.90946e+07,1.93509e+06,3.63003e-08
34.72222,0.03500,4.91064e+07,1.93396e+06,3.58860e-08
34.72222,0.04000,4.91209e+07,1.93211e+06,3.54013e-08
34.72222,0.04500,4.91384e+07,1.92911e+06,3.48581e-08
34.72222,0.05000,4.91602e+07,1.92424e+06,3.42447e-08
34.72222,0.05500,4.91874e+07,1.91643e+06,3.35729e-08
34.72222,0.06000,4.92228e+07,1.90401e+06,3.28315e-08
34.72222,0.06500,4.92696e+07,1.88463e+06,3.20329e-08
34.72222,0.07000,4.93330e+07,1.85501e+06,3.11668e-08
34.72222,0.07500,4.94187e+07,1.81085e+06,3.02470e-08
34.72222,0.08000,4.95329e+07,1.74693e+06,2.92653e-08
34.72222,0.08500,4.96778e+07,1.65680e+06,2.82384e-08
34.72222,0.09000,4.98490e+07,1.53200e+06,2.71622e-08
34.72222,0.09500,5.00323e+07,1.36326e+06,2.60584e-08
34.72222,0.10000,5.02093e+07,1.14565e+06,2.49298e-08
34.72222,0.10500,5.03641e+07,8.93066e+05,2.38064e-08
34.72222,0.11000,5.04895e+07,6.42791e+05,2.26990e-08
34.72222,0.11500,5.05859e+07,4.33765e+05,2.16392e-08
34.72222,0.12000,5.06585e+07,2.82202e+05,2.06299e-08
34.72222,0.12500,5.07128e+07,1.82027e+05,1.96890e-08
34.72222,0.13000,5.07545e+07,1.19010e+05,1.88073e-08
34.72222,0.13500,5.07871e+07,8.02446e+04,1.79940e-08
34.72222,0.14000,5.08136e+07,5.66126e+04,1.72350e-08
34.72222,0.14500,5.08357e+07,4.22550e+04,1.65366e-08
34.72222,0.15000,5.08549e+07,3.35426e+04,1.58841e-08
34.72222,0.15500,5.08717e+07,2.82580e+04,1.52837e-08
34.72222,0.16000,5.08868e+07,2.50530e+04,1.47209e-08
34.72222,0.16500,5.09005e+07,2.31093e+04,1.42023e-08
34.72222,0.17000,5.09131e+07,2.19304e+04,1.37144e-08
34.72222,0.17500,5.09246e+07,2.12155e+04,1.32643e-08
34.72222,0.18000,5.09354e+07,2.07819e+04,1.28391e-08
34.72222,0.18500,5.09453e+07,2.05190e+04,1.24464e-08
34.72222,0.19000,5.09547e+07,2.03595e+04,1.20741e-08
34.72222,0.19500,5.09634e+07,2.02627e+04,1.17298e-08
34.72222,0.20000,5.09716e+07,2.02041e+04,1.14023e-08
34.72222,0.20500,5.09792e+07,2.01685e+04,1.10993e-08
34.72222,0.21000,5.09865e+07,2.01469e+04,1.08099e-08
34.72222,0.21500,5.09932e+07,2.01338e+04,1.05422e-08
34.72222,0.22000,5.09996e+07,2.01259e+04,1.02858e-08
34.72222,0.22500,5.10056e+07,2.01211e+04,1.00485e-08
34.72222,0.23000,5.10113e+07,2.01181e+04,9.82051e-09
34.72222,0.23500,5.10166e+07,2.01164e+04,9.60964e-09
34.72222,0.24000,5.10217e+07,2.01153e+04,9.40634e-09
34.72222,0.24500,5.10264e+07,2.01146e+04,9.21846e-09
34.72222,0.25000,5.10310e+07,2.01143e+04,9.03679e-09
34.72222,0.25500,5.10352e+07,2.01140e+04,8.86907e-09
34.72222,0.26000,5.10393e+07,2.01139e+04,8.70640e-09
34.72222,0.26500,5.10430e+07,2.01138e+04,8.55643e-09
34.72222,0.27000,5.10467e+07,2.01137e+04,8.41054e-09
34.72222,0.27500,5.10501e+07,2.01137e+04,8.27626e-09
34.72222,0.28000,5.10533e+07,2.01137e+04,8.14525e-09
34.72222,0.28500,5.10564e+07,2.01137e+04,8.02490e-09
34.72222,0.29000,5.10593e+07,2.01137e+04,7.90715e-09
34.72222,0.29500,5.10620e+07,2.01137e+04,7.79922e-09
34.72222,0.30000,5.10647e+07,2.01136e+04,7.69330e-09
34.72222,0.30500,5.10671e+07,2.01136e+04,7.59649e-09
34.72222,0.31000,5.10695e+07,2.01136e+04,7.50121e-09
34.72222,0.31500,5.10717e+07,2.01136e+04,7.41438e-09
34.72222,0.32000,5.10738e+07,2.01136e+04,7.32866e-09
34.72222,0.32500,5.10758e+07,2.01136e+04,7.25083e-09
34.72222,0.33000,5.10777e+07,2.01136e+04,7.17375e-09
34.72222,0.33500,5.10795e+07,2.01136e+04,7.10405e-09
34.72222,0.34000,5.10812e+07,2.01136e+04,7.03481e-09
34.72222,0.34500,5.10828e+07,2.01136e+04,6.97249e-09
34.72222,0.35000,5.10843e+07,2.01136e+04,6.91038e-09
34.72222,0.35500,5.10857e+07,2.01136e+04,6.85477e-09
34.72222,0.36000,5.10871e+07,2.01136e+04,6.79916e-09
34.72222,0.36500,5.10884e+07,2.01136e+04,6.74968e-09
34.72222,0.37000,5.10896e+07,2.01136e+04,6.70002e-09
34.72222,0.37500,5.10907e+07,2.01136e+04,6.65616e-09
34.72222,0.38000,5.10918e+07,2.01136e+04,6.61196e-09
34.72222,0.38500,5.10928e+07,2.01136e+04,6.57326e-09
34.72222,0.39000,5.10938e+07,2.01136e+04,6.53409e-09
34.72222,0.39500,5.10947e+07,2.01136e+04,6.50015e-09
34.72222,0.40000,5.10955e+07,2.01136e+04,6.46562e-09
34.72222,0.40500,5.10963e+07,2.01136e+04,6.43608e-09
34.72222,0.41000,5.10970e+07,2.01136e+04,6.40586e-09
34.72222,0.41500,5.10977e+07,2.01136e+04,6.38039e-09
34.72222,0.42000,5.10983e+07,2.01136e+04,6.35419e-09
34.72222,0.42500,5.10989e+07,2.01136e+04,6.33252e-09
34.72222,0.43000,5.10994e+07,2.01136e+04,6.31004e-09
34.72222,0.43500,5.10999e+07,2.01136e+04,6.29192e-09
34.72222,0.44000,5.11004e+07,2.01136e+04,6.27295e-09
34.72222,0.44500,5.11007e+07,2.01136e+04,6.25815e-09
34.72222,0.45000,5.11011e+07,2.01136e+04,6.24246e-09
34.72222,0.45500,5.11014e+07,2.01136e+04,6.23079e-09
34.72222,0.46000,5.11017e+07,2.01136e+04,6.21820e-09
34.72222,0.46500,5.11020e+07,2.01136e+04,6.20948e-09
34.72222,0.47000,5.11022e+07,2.01136e+04,6.19982e-09
34.72222,0.47500,5.11023e+07,2.01136e+04,6.19389e-09
34.72222,0.48000,5.11025e+07,2.01136e+04,6.18701e-09
34.72222,0.48500,5.11026e+07,2.01136e+04,6.18374e-09
34.72222,0.49000,5.11027e+07,2.01136e+04,6.17951e-09
34.72222,0.49500,5.11027e+07,2.01136e+04,6.17878e-09
34.72222,0.50000,5.11028e+07,2.01136e+04,6.17708e-09
46.29630,0.00000,4.75537e+07,4.93574e+06,9.69643e-08
46.29630,0.00500,4.75556e+07,4.93562e+06,9.68912e-08
46.29630,0.01000,4.75620e+07,4.93541e+06,9.66382e-08
46.29630,0.01500,4.75721e+07,4.93501e+06,9.62389e-08
46.29630,0.02000,4.75867e+07,4.93434e+06,9.56595e-08
46.29630,0.02500,4.76051e+07,4.93323e+06,9.49335e-08
46.29630,0.03000,4.76281e+07,4.93143e+06,9.40273e-08
46.29630,0.03500,4.76550e+07,4.92849e+06,9.29740e-08
46.29630,0.04000,4.76868e+07,4.92372e+06,9.17402e-08
46.29630,0.04500,4.77229e+07,4.91600e+06,9.03591e-08
46.29630,0.05000,4.77645e+07,4.90359e+06,8.87976e-08
46.29630,0.05500,4.78112e+07,4.88381e+06,8.70894e-08
46.29630,0.06000,4.78648e+07,4.85267e+06,8.52024e-08
46.29630,0.06500,4.79256e+07,4.80448e+06,8.31714e-08
46.29630,0.07000,4.79963e+07,4.73151e+06,8.09669e-08
46.29630,0.07500,4.80781e+07,4.62355e+06,7.86272e-08
46.29630,0.08000,4.81736e+07,4.46805e+06,7.61276e-08
46.29630,0.08500,4.82826e+07,4.24923e+06,7.35136e-08
46.29630,0.09000,4.84038e+07,3.94581e+06,7.07697e-08
46.29630,0.09500,4.85308e+07,3.53414e+06,6.79541e-08
46.29630,0.10000,4.86567e+07,2.99770e+06,6.50680e-08
46.29630,0.10500,4.87741e+07,2.36459e+06,6.21906e-08
46.29630,0.11000,4.88800e+07,1.72318e+06,5.93445e-08
46.29630,0.11500,4.89726e+07,1.17499e+06,5.66150e-08
46.29630,0.12000,4.90540e+07,7.69692e+05,5.40081e-08
46.29630,0.12500,4.91254e+07,4.98150e+05,5.15760e-08
46.29630,0.13000,4.91892e+07,3.25989e+05,4.92928e-08
46.29630,0.13500,4.92462e+07,2.19790e+05,4.71867e-08
46.29630,0.14000,4.92982e+07,1.54937e+05,4.52186e-08
46.29630,0.14500,4.93454e+07,1.15513e+05,4.34090e-08
46.29630,0.15000,4.93890e+07,9.15907e+04,4.17163e-08
46.29630,0.15500,4.94289e+07,7.70844e+04,4.01599e-08
46.29630,0.16000,4.94661e+07,6.82903e+04,3.86995e-08
46.29630,0.16500,4.95004e+07,6.29596e+04,3.73553e-08
46.29630,0.17000,4.95325e+07,5.97282e+04,3.60891e-08
46.29630,0.17500,4.95622e+07,5.77695e+04,3.49222e-08
46.29630,0.18000,4.95901e+07,5.65821e+04,3.38187e-08
46.29630,0.18500,4.96160e+07,5.58623e+04,3.28007e-08
46.29630,0.19000,4.96405e+07,5.54259e+04,3.18342e-08
46.29630,0.19500,4.96631e+07,5.51613e+04,3.09419e-08
46.29630,0.20000,4.96847e+07,5.50010e+04,3.00916e-08
46.29630,0.20500,4.97046e+07,5.49037e+04,2.93063e-08
46.29630,0.21000,4.97237e+07,5.48448e+04,2.85551e-08
46.29630,0.21500,4.97413e+07,5.48090e+04,2.78614e-08
46.29630,0.22000,4.97582e+07,5.47873e+04,2.71955e-08
46.29630,0.22500,4.97738e+07,5.47742e+04,2.65807e-08
46.29630,0.23000,4.97889e+07,5.47662e+04,2.59886e-08
46.29630,0.23500,4.98027e+07,5.47614e+04,2.54422e-08
46.29630,0.24000,4.98162e+07,5.47585e+04,2.49142e-08
46.29630,0.24500,4.98285e+07,5.47567e+04,2.44275e-08
46.29630,0.25000,4.98405e+07,5.47556e+04,2.39556e-08
46.29630,0.25500,4.98516e+07,5.47550e+04,2.35211e-08
46.29630,0.26000,4.98623e+07,5.47546e+04,2.30985e-08
46.29630,0.26500,4.98722e+07,5.47543e+04,2.27101e-08
46.29630,0.27000,4.98818e+07,5.47542e+04,2.23311e-08
46.29630,0.27500,4.98907e+07,5.47541e+04,2.19833e-08
46.29630,0.28000,4.98993e+07,5.47540e+04,2.16429e-08
46.29630,0.28500,4.99073e+07,5.47540e+04,2.13313e-08
46.29630,0.29000,4.99151e+07,5.47540e+04,2.10252e-08
46.29630,0.29500,4.99222e+07,5.47540e+04,2.07458e-08
46.29630,0.30000,4.99292e+07,5.47540e+04,2.04705e-08
46.29630,0.30500,4.99356e+07,5.47540e+04,2.02199e-08
46.29630,0.31000,4.99419e+07,5.47540e+04,1.99722e-08
46.29630,0.31500,4.99476e+07,5.47540e+04,1.97475e-08
46.29630,0.32000,4.99533e+07,5.47540e+04,1.95246e-08
46.29630,0.32500,4.99584e+07,5.47540e+04,1.93232e-08
46.29630,0.33000,4.99635e+07,5.47540e+04,1.91227e-08
46.29630,0.33500,4.99681e+07,5.47540e+04,1.89424e-08
46.29630,0.34000,4.99727e+07,5.47540e+04,1.87623e-08
46.29630,0.34500,4.99768e+07,5.47540e+04,1.86012e-08
46.29630,0.35000,4.99809e+07,5.47540e+04,1.84395e-08
46.29630,0.35500,4.99846e+07,5.47540e+04,1.82958e-08
46.29630,0.36000,4.99882e+07,5.47540e+04,1.81510e-08
46.29630,0.36500,4.99915e+07,5.47540e+04,1.80231e-08
46.29630,0.37000,4.99948e+07,5.47540e+04,1.78938e-08
46.29630,0.37500,4.99977e+07,5.47540e+04,1.77805e-08
46.29630,0.38000,5.00006e+07,5.47540e+04,1.76654e-08
46.29630,0.38500,5.00032e+07,5.47540e+04,1.75654e-08
46.29630,0.39000,5.00058e+07,5.47540e+04,1.74633e-08
46.29630,0.39500,5.00080e+07,5.47540e+04,1.73758e-08
46.29630,0.40000,5.00103e+07,5.47540e+04,1.72857e-08
46.29630,0.40500,5.00122e+07,5.47540e+04,1.72096e-08
46.29630,0.41000,5.00142e+07,5.47540e+04,1.71307e-08
46.29630,0.41500,5.00159e+07,5.47540e+04,1.70651e-08
46.29630,0.42000,5.00176e+07,5.47540e+04,1.69967e-08
46.29630,0.42500,5.00191e+07,5.47540e+04,1.69409e-08
46.29630,0.43000,5.00206e+07,5.47540e+04,1.68821e-08
46.29630,0.43500,5.00218e+07,5.47540e+04,1.68356e-08
46.29630,0.44000,5.00230e+07,5.47540e+04,1.67859e-08
46.29630,0.44500,5.00240e+07,5.47540e+04,1.67480e-08
46.29630,0.45000,5.00250e+07,5.47540e+04,1.67068e-08
46.29630,0.45500,5.00258e+07,5.47540e+04,1.66770e-08
46.29630,0.46000,5.00266e+07,5.47540e+04,1.66439e-08
46.29630,0.46500,5.00272e+07,5.47540e+04,1.66217e-08
46.29630,0.47000,5.00278e+07,5.47540e+04,1.65962e-08
46.29630,0.47500,5.00282e+07,5.47540e+04,1.65812e-08
46.29630,0.48000,5.00287e+07,5.47540e+04,1.65630e-08
46.29630,0.48500,5.00289e+07,5.47540e+04,1.65549e-08
46.29630,0.49000,5.00292e+07,5.47540e+04,1.65435e-08
46.29630,0.49500,5.00292e+07,5.47540e+04,1.65420e-08
46.29630,0.50000,5.00294e+07,5.47540e+04,1.65372e-08
57.87037,0.00000,4.40267e+07,1.14606e+07,2.33734e-07
57.87037,0.00500,4.40309e+07,1.14604e+07,2.33567e-07
57.87037,0.01000,4.40456e+07,1.14599e+07,2.32980e-07
57.87037,0.01500,4.40687e+07,1.14589e+07,2.32059e-07
57.87037,0.02000,4.41024e+07,1.14572e+07,2.30716e-07
57.87037,0.02500,4.41445e+07,1.14545e+07,2.29040e-07
57.87037,0.03000,4.41973e+07,1.14500e+07,2.26942e-07
57.87037,0.03500,4.42586e+07,1.14429e+07,2.24509e-07
57.87037,0.04000,4.43307e+07,1.14314e+07,2.21653e-07
57.87037,0.04500,4.44116e+07,1.14132e+07,2.18463e-07
57.87037,0.05000,4.45036e+07,1.13843e+07,2.14850e-07
57.87037,0.05500,4.46046e+07,1.13390e+07,2.10902e-07
57.87037,0.06000,4.47173e+07,1.12689e+07,2.06537e-07
57.87037,0.06500,4.48398e+07,1.11624e+07,2.01844e-07
57.87037,0.07000,4.49747e+07,1.10034e+07,1.96743e-07
57.87037,0.07500,4.51207e+07,1.07707e+07,1.91334e-07
57.87037,0.08000,4.52799e+07,1.04370e+07,1.85547e-07
57.87037,0.08500,4.54502e+07,9.96744e+06,1.79495e-07
57.87037,0.09000,4.56320e+07,9.31610e+06,1.73130e-07
57.87037,0.09500,4.58200e+07,8.43421e+06,1.66590e-07
57.87037,0.10000,4.60123e+07,7.28591e+06,1.59865e-07
57.87037,0.10500,4.62022e+07,5.91029e+06,1.53136e-07
57.87037,0.11000,4.63875e+07,4.46315e+06,1.46439e-07
57.87037,0.11500,4.65632e+07,3.15656e+06,1.39979e-07
57.87037,0.12000,4.67292e+07,2.13046e+06,1.33767e-07
57.87037,0.12500,4.68829e+07,1.40523e+06,1.27946e-07
57.87037,0.13000,4.70262e+07,9.27093e+05,1.22459e-07
57.87037,0.13500,4.71579e+07,6.25029e+05,1.17389e-07
57.87037,0.14000,4.72807e+07,4.38320e+05,1.12639e-07
57.87037,0.14500,4.73933e+07,3.24289e+05,1.08271e-07
57.87037,0.15000,4.74987e+07,2.55021e+05,1.04179e-07
57.87037,0.15500,4.75955e+07,2.13059e+05,1.00418e-07
57.87037,0.16000,4.76865e+07,1.87664e+05,9.68846e-08
57.87037,0.16500,4.77702e+07,1.72304e+05,9.36346e-08
57.87037,0.17000,4.78491e+07,1.63014e+05,9.05703e-08
57.87037,0.17500,4.79219e+07,1.57395e+05,8.77487e-08
57.87037,0.18000,4.79908e+07,1.53996e+05,8.50776e-08
57.87037,0.18500,4.80544e+07,1.51940e+05,8.26159e-08
57.87037,0.19000,4.81149e+07,1.50696e+05,8.02761e-08
57.87037,0.19500,4.81707e+07,1.49943e+05,7.81186e-08
57.87037,0.20000,4.82239e+07,1.49487e+05,7.60598e-08
57.87037,0.20500,4.82731e+07,1.49212e+05,7.41609e-08
57.87037,0.21000,4.83203e+07,1.49045e+05,7.23422e-08
57.87037,0.21500,4.83638e+07,1.48944e+05,7.06648e-08
57.87037,0.22000,4.84056e+07,1.48882e+05,6.90523e-08
57.87037,0.22500,4.84442e+07,1.48845e+05,6.75659e-08
57.87037,0.23000,4.84814e+07,1.48823e+05,6.61319e-08
57.87037,0.23500,4.85158e+07,1.48809e+05,6.48110e-08
57.87037,0.24000,4.85490e+07,1.48801e+05,6.35322e-08
57.87037,0.24500,4.85796e+07,1.48796e+05,6.23556e-08
57.87037,0.25000,4.86093e+07,1.48793e+05,6.12126e-08
57.87037,0.25500,4.86367e+07,1.48791e+05,6.01624e-08
57.87037,0.26000,4.86633e+07,1.48790e+05,5.91388e-08
57.87037,0.26500,4.86878e+07,1.48790e+05,5.81999e-08
57.87037,0.27000,4.87117e+07,1.48789e+05,5.72816e-08
57.87037,0.27500,4.87336e+07,1.48789e+05,5.64412e-08
57.87037,0.28000,4.87551e+07,1.48789e+05,5.56163e-08
57.87037,0.28500,4.87747e+07,1.48789e+05,5.48633e-08
57.87037,0.29000,4.87941e+07,1.48789e+05,5.41217e-08
57.87037,0.29500,4.88117e+07,1.48789e+05,5.34465e-08
57.87037,0.30000,4.88291e+07,1.48789e+05,5.27793e-08
57.87037,0.30500,4.88449e+07,1.48789e+05,5.21739e-08
57.87037,0.31000,4.88606e+07,1.48789e+05,5.15734e-08
57.87037,0.31500,4.88748e+07,1.48789e+05,5.10306e-08
57.87037,0.32000,4.88889e+07,1.48789e+05,5.04902e-08
57.87037,0.32500,4.89016e+07,1.48789e+05,5.00038e-08
57.87037,0.33000,4.89143e+07,1.48789e+05,4.95177e-08
57.87037,0.33500,4.89257e+07,1.48789e+05,4.90824e-08
57.87037,0.34000,4.89371e+07,1.48789e+05,4.86455e-08
57.87037,0.34500,4.89472e+07,1.48789e+05,4.82564e-08
57.87037,0.35000,4.89575e+07,1.48789e+05,4.78643e-08
57.87037,0.35500,4.89666e+07,1.48789e+05,4.75174e-08
57.87037,0.36000,4.89757e+07,1.48789e+05,4.71661e-08
57.87037,0.36500,4.89838e+07,1.48789e+05,4.68576e-08
57.87037,0.37000,4.89920e+07,1.48789e+05,4.65437e-08
57.87037,0.37500,4.89992e+07,1.48789e+05,4.62704e-08
57.87037,0.38000,4.90065e+07,1.48789e+05,4.59909e-08
57.87037,0.38500,4.90128e+07,1.48789e+05,4.57499e-08
57.87037,0.39000,4.90193e+07,1.48789e+05,4.55020e-08
57.87037,0.39500,4.90248e+07,1.48789e+05,4.52909e-08
57.87037,0.40000,4.90305e+07,1.48789e+05,4.50722e-08
57.87037,0.40500,4.90353e+07,1.48789e+05,4.48886e-08
57.87037,0.41000,4.90403e+07,1.48789e+05,4.46970e-08
57.87037,0.41500,4.90445e+07,1.48789e+05,4.45390e-08
57.87037,0.42000,4.90488e+07,1.48789e+05,4.43726e-08
57.87037,0.42500,4.90523e+07,1.48789e+05,4.42384e-08
57.87037,0.43000,4.90561e+07,1.48789e+05,4.40955e-08
57.87037,0.43500,4.90590e+07,1.48789e+05,4.39835e-08
57.87037,0.44000,4.90622e+07,1.48789e+05,4.38626e-08
57.87037,0.44500,4.90646e+07,1.48789e+05,4.37715e-08
57.87037,0.45000,4.90672e+07,1.48789e+05,4.36712e-08
57.87037,0.45500,4.90691e+07,1.48789e+05,4.35997e-08
57.87037,0.46000,4.90712e+07,1.48789e+05,4.35188e-08
57.87037,0.46500,4.90726e+07,1.48789e+05,4.34658e-08
57.87037,0.47000,4.90742e+07,1.48789e+05,4.34034e-08
57.87037,0.47500,4.90751e+07,1.48789e+05,4.33680e-08
57.87037,0.48000,4.90763e+07,1.48789e+05,4.33230e-08
57.87037,0.48500,4.90768e+07,1.48789e+05,4.33042e-08
57.87037,0.49000,4.90775e+07,1.48789e+05,4.32759e-08
57.87037,0.49500,4.90776e+07,1.48789e+05,4.32731e-08
57.87037,0.50000,4.90779e+07,1.48789e+05,4.32607e-08
